Company Name,Website,Emails Found,Status
East Rand Fire Pty Ltd,http://www.eastrandfire.co.za/,"20info@eastrandfire.co.za,info@eastrandfire.co.za",done
Dynamite fire Services and supply,https://dynamitefire.com/,,no website
Axon Security Group - Johannesburg,http://www.axonsecurity.co.za/,"info@axonsecurity.co.za,sales@axonsecurity.co.za",done
MAGEN SECURITY,https://www.magensecurity.co.za/,info@magen.co.za,done
DVT Johannesburg,http://www.dvt.co.za/,"enquiries@dvtsoftware.com,info@dvt.co.za",done
Trans Fire Pty Ltd,http://www.transfire.co.za/,"cape@transfire.co.za,info.ec@transfire.co.za,info@transfire.co.za",done
Western Cape Fire Services,https://wcfireservices.co.za/,info@wcfireservices.co.za,done
Secure Rite Security,http://www.securerite.co.za/,SALES@SECURERITE.CO,done
Rocketsoft | Mobile App Development Company - Cape Town,https://www.therocketsoft.com/,"darryn@therocketsoft.com,info@therocketsoft.com",done
ERF Group Fire Protection Services - Western Cape,https://www.erfgroup.co.za/,"20info@erfgroup.co.za,info@erfgroup.co.za",done
Blue Security,https://www.bluesecurity.co.za/,"CustomerCare@bluesecurity.co.za,customercare@bluesecurity.co.za",done
Musato Technologies,https://musatotech.co.za/,"admin@musatotech.co.za,hresources@musatotech.co.za,info@musatotech.co.za,support@musatotech.co.za",done
Fire Detection Services,http://www.firedetectionservicessa.co.za/,info@firedetectionservicessa.co.za,done
Gemlay Fire Alarm Systems,http://www.gemlayfire.co.za/,"info@gemlayfire.co.za,jb@gemlayfire.co.za",done
Protek Security Systems (Pty) Ltd,http://www.proteksecurity.co.za/,,no website
WebAcumen | Software Development and Hosting,https://webacumen.co.za/,support@webacumen.co.za,done
Fire Alarm Services,https://www.firealarmsystemservices.com/,,no email
SSS Fire Protection,http://sssfireprotection.com/,,no website
Trango Tech San Jose - Mobile App Development Company,https://www.bolderapps.com/locations/san-francisco?_GBP,"hello@bolder.com,hello@bolderapps.com",done
PAW Fire Safety LLC,https://www.pawfiresafety.com/,,no email
"Pye-Barker Fire & Safety, formerly Iowa Fire Equipment Co",https://pyebarkerfs.com/locations/des-moines-ia/?utm_source=gmb&utm_medium=yext,,no email
codeco,https://codecolabs.io/,dan@codecolabs.io,done
Fire Alarm Services,http://www.bayguardfireprotectionca.com/,,no email
Unique Fire,http://www.uniquefire.co.za/,"info@uniquefire.co.za,nico@uniquefire.co.za",done
Northern Security,https://northernsecurity.co.za/,,no email
Ataraxy Developers,https://ataraxydevelopers.com/,"AtaraxyDevelopers@gmail.com,ataraxydevelopers@gmail.com",done
Iskhondo Security,http://www.iskhondosecurity.co.za/,info@iskhondosecurity.co.za,done
OrbiCraft Technologies,https://www.orbicrafttech.com/,"info@orbicrafttech.com,your.email@example.com",done
Absolute Fire Protection Systems,https://fireprotectionsanjoseca.com/,,no website
US Fire Protection Contractors Inc.,https://www.usfireprotectionco.com/,"info@usfireprotectionco.com,u.sfiresam@gmail.com,your@email.com",done
Trango Tech San Jose - Mobile App Development Company,https://internetsoft.com/software-development-company-in-california,"sales@internetsoft.com,support@internetsoft.com",done
Fire Control Security Services,http://www.firecontrolservices.co.za/,"Firecontrolnst@gmail.com,firecontrolnst@gmail.com,office@firecontrolservices.co.za",done
Bizzy Fire Control Pty Ltd,https://nelspruit.bizzyfiresa.co.za/?utm_source=GMBlisting&utm_medium=organic,"info@bizzyfiresa.co.za,nelspruit@bizzyfiresa.co.za",done
Mid Alarms - Security Systems & Armed Response,http://www.midalarms.co.za/,info@midalarms.co.za,done
eKhonnector Systems,https://www.ekhonnector.co.za/,"Verifications@saqa.org,Verificationsletter@saqa.org,accounts@ekhonnector.co.za,bookings@ekhonnectorsystems.com,dfqeas@saqa.org,dfqeas@saqa.org.za,eKhonnector@gmail.com,info@ekhonnectorsystems.com,john@example.com,president@presidency.gov,president@presidency.gov.za,saqainfo@saqa.org,saqainfo@saqa.org.za,secretarydrr@saqa.co.za,secretarydrr@saqa.org,systems@eKhonnector.co.za,verifications@saqa.org.za,verificationsletter@saqa.org.za,you@example.com",done
NORTHERN CAPE FIRE,https://itireleng.co.za/northern-cape,"bernard@itirelengsa.co.za,sales@itirelengsa.co.za,timm@itirelengsa.co.za",done
Bizzy Fire Control Northern Cape Branch,https://bizzyfiresa.co.za/,"capetown@bizzyfiresa.co.za,info@bizzyfiresa.co.za,marketing@bizzyfiresa.co.za,ncapetown@bizzyfiresa.co.za,nelspruit@bizzyfiresa.co.za,nnelspruit@bizzyfiresa.co.za",done
Top Security Systems - TSS,https://topsec.co.za/,tss@kimberley.co.za,done
Trango Tech San Jose - Mobile App Development Company,https://litslink.com/,"sales@litslink.com,you@company.com",done
ET Fire Protection,http://www.fireguardext.com/,,no email
"Security Services Northwest, Inc",https://www.ssnwhq.com/,"info@ssnwHQ.com,info@ssnwhq.com,u003Einfo@ssnwhq.com",done
Pagora Technologies,https://pagora.co.za/,"mishackmay@gmail.com,you@example.com,your@email.com",done
Western States Fire Protection,https://www.wsfp.com/,,no website
Bizzy Fire Control Pty Ltd,https://bizzyfiresa.co.za/?utm_source=GMBlisting&utm_medium=organic,"capetown@bizzyfiresa.co.za,info@bizzyfiresa.co.za,marketing@bizzyfiresa.co.za,ncapetown@bizzyfiresa.co.za,nelspruit@bizzyfiresa.co.za,nnelspruit@bizzyfiresa.co.za",done
Flame Stoppers (PTY) LTD,https://www.flamestoppers.co.za/,john@flamestoppers.co.za,done
Equity Fire Solutions,http://www.equityfiresolutions.co.za/,info@equityfiresolutions.co.za,done
Utterlink Network and Security,https://www.securitysuperstore.co.za/contact-us/#cape-town,,no website
KRS | Khanyisa Real Systems | Software Development Company,https://krs.co.za/,"enquiries@krs.co.za,info@krs.co.za,jobs@krs.co.za",done
Fire Check,http://www.firecheck.co.za/,"info@firecheck.co.za,service@firecheck.co.za",done
Summit Fire Protection,https://summitfire.com/locations/des-moines/,,no email
North West Security Systems® Ltd,http://www.northwestsecuritysystems.co.uk/,"info@northwestsecuritysystems.co.uk,info@northwestsecuritysystems.co.za",done
Source Allies,https://www.sourceallies.com/,,no email
Northwest Fire Systems,https://nwfiresystems.com/?utm_source=gmb&utm_medium=organic,,no email
Blue Flame Group,http://blueflamegroup.co/,"info@blueflamegrp.co.za,info@blueflamegrp.com",done
Kaleidocode Pty Ltd,http://www.kaleidocode.co.za/,,no email
EyeDentiFire,http://www.eyedentifire.co.za/,,no email
Speedies Fire,https://speediesfire.co.za/,"george@speedflame.co.za,pretoria@speedflame.co.za,speed2@telkomsa.net,speediesgeorge@speedflame.co.za,speedieswtb@speedflame.co.za",done
Maximum Security Services,http://www.maximumsecurity.co.za/,info@maximumsecurity.co.za,done
A‌scentium Technologies Pty Ltd,http://ascentiumapps.co.za/,,no email
Extreme Security,http://www.extreme24-7.co.za/,"24-7@extreme24-7.co.za,lizell@extreme24-7.co.za,lizelle@extreme24-7.co.za,rudi@extreme24-7.co.za",done
COMPRSA,http://www.comprsa.com/,,no website
A2Z Fire & Electrical,https://www.a2zfireandelectrical.com/,,no website
Approved Fire Risk Assessments ltd,http://www.kforcesecurity.co.uk/,"aPvd@1.EdiJZu,nIQc@7ueiU.ra,sales@kforcesecurity.co.uk,sales@kforcesecurity.co.za",done
Ashes Fire and Security (Pty) Ltd,https://ashesfire.co.za/,admin@ashesfire.co.za,done
Eco Security Limited,http://ecosecurity.org.uk/,"info@ecosecurity.org,info@ecosecurity.org.uk",done
Vention - Software Development Company,https://limeup.io/,hello@limeup.io,done
Integrated Fire Extinguishing Technologies,https://www.centaofsfire.com/,"accounts@centaofsfire.com,sales@centaofsfire.com,systems@centaofsfire.com",done
Defensor Security,https://www.defensorsecurity.co.za/,,no website
Alienspace Technologies,http://alienspace.co.za/,"anapbm@gmail.com,support@alienspace.co.za,team@latofonts.com",done
Elvey Security Technologies - Rustenburg Branch,http://www.elvey.co.za/,info@elvey.co.za,done
Singularity Technologies (pty) Ltd,http://www.singularitytech.co.za/,,no email
ACS Security Office,http://www.acssecurity.co.za/,"info@acssecurity.co.za,sales@acssecurity.co.za",done
Fireside Security | Fire Alarm Services,https://www.firesidesecurity.com/,"info@firesidesecurity.com,you@company.com",done
Software Developers Inc. (SDI),https://www.cumulations.com/,"sales@cumulations.com,writeforcumulations@gmail.com,you@company.com",done
CodePure,http://www.codepure.co.za/,info@codepure.co.za,done
Total Group of Companies - Fire | Rescue | Medical | HSE,https://www.totalgroup.ca/,info@totalgroup.ca,done
Greenhouse Web Designs,https://www.greenhousewebdesigns.com/,greenhousewebdesigns@gmail.com,done
Kevcor,http://fgsnet.co.za/,"info@fgsnet.co.za,stella@fgsnet.co.za,you@example.com",done
"Black Eagle Fire & Security, Inc.",https://blackeagleus.com/,"Azitag@blackeagleus.com,hparsa@blackeagleus.com,info@blackeagleus.com,ralphb@blackeagleus.com",done
Maximum Fire Protection,http://www.maximumfp.com/,"hello@rfuenzalida.com,impallari@gmail.com,info@maximumfireprotection.net",done
Trango Tech San Jose - Mobile App Development Company,https://www.techi247.com/,,no email
City Fire and Safety,http://www.taligenix.co.za/,,no email
City Fire and Safety,https://www.sentinelfiresafetysolutions.co.za/,,no website
Securocity,http://www.securocity.co.za/,securocity@gmail.com,done
PHINEM GRAPHIX,https://phinemgraphix.co.za/,"info@phinemgraphix.co.za,sales@phinemgraphix.co.za",done
Fire Alert,http://www.firealert.co.za/,,no email
Rural Metro Emergency Management Services,https://www.ruralmetro.co.za/,"admin@ruralmetrobw.com,headoffice@ruralmetrosa.com,training@ruralmetrosa.com,trevor@ruralmetrosa.com",done
NDS Security Solutions,http://www.ndssecuritysolutions.co.za/,"info@ndssecuritysolutions.co.za,salesballito@ndssecuritysolutions.co.za,saleschats@ndssecuritysolutions.co.za,salespmb@ndssecuritysolutions.co.za,salesrbay@ndssecuritysolutions.co.za,salestoti@ndssecuritysolutions.co.za,support@securitydistributor.com",done
Terabyte Technologies,https://www.terabytedesigns.co.za/,"hello@terabytedesigns.co.za,info@terabytedesigns.co.za",done
Trango Tech San Jose - Mobile App Development Company,https://47billion.com/,hello@47billion.com,done
"Fire Detection Unlimited, Inc.",http://www.firedetect.com/,resumes@firedetect.com,done
Koderspedia - Mobile App Development Company California,http://www.koderspedia.com/,,no website
Stellfire,http://www.stellfire.co.za/,,no website
ABC Security,https://www.astek.co.za/,"Astekstb@gmail.com,Mail@astek.co.za,Marketing@astek.co.za,astekbellville@gmail.com,astekstb@gmail.com,mail@astek.co.za,marketing@astek.co.za",done
Leaply Technologies,https://leap.ly/,,no email
Allsound Security Cc,https://www.allsound.co.za/,info@allsound.co.za,done
George Alarm,https://www.georgealarm.com/,"18d2f96d279149989b95faf0a4b41882@sentry-next.wixpress,2062d0a4929b45348643784b5cb39c36@sentry.wixpress,271e9fa3230b4eec94b02bf95780f5f2@sentry.wixpress,460ff4620fa44cba8df530afde949785@sentry.wixpress,5d1795a2db124a268f1e1bd88f503500@sentry.wixpress,605a7baede844d278b89dc95ae0a9123@sentry-next.wixpress,8c4075d5481d476e945486754f783364@sentry.io,Georgealarmbilling@gmail.com,c183baa23371454f99f417f6616b724d@sentry.wixpress,careers@georgealarm.net,dd0a55ccb8124b9c9d938e3acf41f8aa@sentry.wixpress,ed436f5053144538958ad06a5005e99a@sentry.wixpress,georgealarmbilling@gmail.com,sales@georgealarm.com",done
Virgo Development,https://virgodev.com/,support@virgodev.com,done
Knysna Fire Safety Equipment,https://fireprotech.co.za/,"carlo@fireprotech.co.za,hello@fireprotech.co.za,sales@fireprotech.co.za",done
Knysna Fire Safety Equipment,https://www.grfire.co.za/,wendell@grfire.co.za,done
Electron Software Solutions,http://www.electronsoftwaresolutions.co.za/,,no email
Industrial Fire & Emergency Services cc,http://www.temoc.co.za/,admin@temoc.co.za,done
SA Fire & Emergency Services,https://www.safe247.co.za/,,no email
THE SECURITY MECCA RICHARDS BAY,https://www.secmecrb.co.za/,,no website
Future Empire Technology Solutions,https://www.saryx.com/?utm_source=GMB&utm_medium=Organic&utm_term=%7B%7Bad.name%7D%7D&utm_content=Listing&utm_campaign=GMB1,"careers@saryx.com,info@saryx.com,quotes@hseconline.com,sales@hseconline.com,support@hseconline.com,training@saryx.com",done
Security Hyperstore Richards Bay,http://www.securityhyperstore.co.za/,black@friday.com,done
Mighty Fire Enterprises (Pty) Ltd,http://www.mightyfire.co.za/,"info@mightyfire.co.za,mightyfireenterprises@gmail.com",done
Suremount security,http://instruman.co.za/,i.admin@instruman.co.za,done
Collabrains Technologies.,https://collabrainstechnologies.co.za/,,no website
CSA Fire & Safety,http://www.csafire.co.za/,"info@csafire.co.za,kathu.nc@csafire.co.za,nastassja@csafire.co.za,sales@csahydraulics.co.za,target.fs@csafire.co.za,westonaria@csafire.co.za",done
FestFireSecurity™,http://www.fest.co.za/,,no email
The Security Mecca - Potch,http://www.secmec.shop/,,no website
Matogen Corporate Web & Software Development,https://www.matogen.com/,,no email
TLC FIRE,http://www.tlcfire.co.za/,"admin@tlcfire.co.za,andre@tlcfire.co.za,marie@tlcfire.co.za,training@tlcfire.co.za",done
Action Force CC,http://www.actionforce.co.za/,admin@actionforce.co.za,done
Global Solutions Group,http://www.globalsolutionsgroup.co.za/,"GSG@companydomain.com,info@company.com,info@globalsolutionsgroup.co.za,john@example.com,support@globalsolutionsgroup.co.za",done
Fire Quip Sales & Service,http://fire-quip.co.za/,"admin@fire-quip.co.za,bhm@fire-quip.co.za,bloem@fire-quip.co.za,kathu@fire-quip.co.za,marius@fire-quip.co.za,vaal@fire-quip.co.za",done
Shepherd Alarms,http://www.alro.co.za/,websales@alro.co.za,done
Affinitrend Development agency,https://affinitrend.com/,,no email
NEL TECH SUPPORT,https://neltechsupport-111.netlify.app/,,no email
The Fire Guy,http://www.firesolve.co.za/,"admin@firesolve.co.za,technical@firesolve.co.za",done
The Fire Guy,https://firequest.co.za/,,no email
Regal Distributors SA (Pty) Ltd,http://www.regalsecurity.co.za/,,no website
Siteweb Digital Marketing,https://www.siteweb.co.za/,info@siteweb.co.za,done
spot on fire tech - fire detection & compliance specialists,https://meljn88.wixsite.com/spotonfiretech,"605a7baede844d278b89dc95ae0a9123@sentry-next.wixpress,8c4075d5481d476e945486754f783364@sentry.io,8eb368c655b84e029ed79ad7a5c1718e@sentry.wixpress,c183baa23371454f99f417f6616b724d@sentry.wixpress,dd0a55ccb8124b9c9d938e3acf41f8aa@sentry.wixpress,naidoodonaven0@gmail.com,spotonfiretech@gmail.com",done
BBD - Johannesburg,https://www.bbdsoftware.com/,,no email
Fast Fire & Security National,https://fastfire.co.za/,,no email
A N S Fire Protection Services CC,http://ansfire.co.za/,admin@ansfire.co.za,done
RSEC Security Equipment Centre Pty Ltd,https://rsec.co.za/,"dylon@rsec.co.za,info@rsec.co.za",done
N&T Software South Africa (Custom Mobile App |Ai App Development | Custom software Development Company in South Africa ),https://www.nntsoftware.com/software-development/services-south-africa/,,no email
Fire Protection Services (Pty) Ltd,http://onpoints.co.za/,,no email
Citi Protection SA,https://www.citiprotection.co.za/,"creditors@citiprotection.co.za,cro@citiprotection.co.za,debtors@citiprotection.co.za,gm@citiprotection.co.za,hr@citiprotection.co.za,info@citiprotection.co.za,sales@citiprotection.co.za,technical@citiprotection.co.za",done
Fire Sprinkler Installations,https://www.facebook.com/profile.php?id=61583004659257,,no email
OPTIMUM SECURITY,http://www.optimumsecurity.co.za/,"accounts@optimumsecurity.co.za,brian@optimumsecurity.co.za,control1@optimumsecurity.co.za,guarding@optimumsecurity.co.za,guardingeln@optimumsecurity.co.za,guardingkwt@optimumsecurity.co.za,managereln@optimumsecurity.co.za,managerkwt@optimumsecurity.co.za,optimum@optimumsecurity.co.za,technical@optimumsecurity.co.za",done
Appimate,https://appimate.com/,info@appimate.com,done
Kevcor,http://www.rjfservices.co.za/,,no email
Amphibic Design,http://amphibic.design/,"accounts@amphibic.co.za,info@amphibic.co.za,jrdesign2015@amphibic.co.za,jtechws-3@aeon.co.za",done
Best Security,https://bestsecuritysa.co.za/contact,info@kwikwap.co.za,done
Lyalor Security Fedility-ADT Dealer,http://www.lyalorsecurity.co.za/,reception@lyalorsecurity.co.za,done
Tash Security Systems Cc,http://www.tash.co.za/,,no email
CAW Fire Supplies,https://showme.co.za/george/industry/caw-fire-supplies/,"accounts@showme.co.za,complaints.IR@justice.gov,dtp@showme.co.za,editor@showme.co.za,info@showme.co.za,support@showme.co.za",done
optima security,http://optimasecurity.co.za/,johank@optimasecurity.co.za,done
"Cloudfusion - Custom Web, App & Software Solutions",https://www.cloudfusion.co.za/,"abuse@cloudfusion.co.za,admin@cloudfusion.co.za,billing@cloudfusion.co.za,hello@cloudfusion.co.za,support@cloudfusion.co.za",done
Entersekt | The Financial Authentication Company,http://www.entersekt.com/,,no email
NDS Security Solutions Richards Bay,https://www.ndssecuritysolutions.co.za/,"info@ndssecuritysolutions.co.za,salesballito@ndssecuritysolutions.co.za,saleschats@ndssecuritysolutions.co.za,salespmb@ndssecuritysolutions.co.za,salesrbay@ndssecuritysolutions.co.za,salestoti@ndssecuritysolutions.co.za,support@securitydistributor.com",done
Amidel KZN,http://www.amidel.co.za/,"connect@amidel.co.za,inforeg@justice.gov",done
Eduplay Software and Development (Pty) Ltd,http://www.eduplay.co.za/,"info@eduplay.co.za,mjs@eduplay.co.za,support@eduplay.co.za,susan@eduplay.co.za,you@example.com",done
Shepherd Alarms,https://kad-security.co.za/about-us/,admin@kad-security.co.za,done
Vaal Secure Solutions (Pty) Ltd,https://www.rescom.co.za/,webmaster@rescom.co.za,done
The Hub ZA Technologies,https://www.thehubzatech.co.za/,"info@thehubzatech.co.za,you@company.co.za",done
Marshall Fire Systems,https://www.satafafireservices.co.za/,sales@satafafireservices.co.za,done
Centurion Systems Soweto,https://www.centsys.co.za/,"info@centurionsystems.co.za,legal@centsys.co.za",done
Technoventors pty ltd,https://technoventors.co.za/,,no website
Cape Town Fire & Maintenance Services,http://firemaintenance.co.za/,info@firemaintenance.co.za,done
SSS Defence Unit company PTY LTD,http://hdssolutions.co.za/,,no website
J N L TECH AND SOFTWARE PTY LTD,https://www.jnltechandsoftware.co.za/,info@jnltechandsoftware.co.za,done
Mitchell's Plain Fire Station,http://www.capetown.gov.za/,"Comprehensive.IntegratedTransportPlan@capetown.gov,TableBay.DistrictSDF@capetown.gov,cct.webmaster@capetown.gov,cct.webmaster@capetown.gov.za,comprehensive.integratedtransportplan@capetown.gov.za,electricityapplication.queries@capetown.gov,electricityapplication.queries@capetown.gov.za,sustainableenergymarkets.enquiries@capetown.gov,sustainableenergymarkets.enquiries@capetown.gov.za,tablebay.districtsdf@capetown.gov.za,valuations@capetown.gov,valuations@capetown.gov.za,valuationsappeals@capetown.gov,valuationsappeals@capetown.gov.za,valuationsobjection@capetown.gov,valuationsobjection@capetown.gov.za",done
SecureView Home Security and Products,http://starsecurityservices.co.za/,info@starsecurityservices.co.za,done
DS MOLAPO PROJECTS AND FIRE SERVICES,http://www.dsmolapo.co.za/,"dsfireservice@gmail.com,dssebothoma@dsmolapo.co.za,lsebothoma@dsmolapo.co.za",done
M Quarts tech,https://mquarts.co.za/,mquarts21@gmail.com,done
Inzalo Yamaqhawe Technologies (Pty) Ltd,https://iytechnologies.co.za/,info@iytechnologies.co.za,done
Pyro-Tech Security Suppliers,http://www.pyro-tech.co.za/,sales@pyro-tech.co.za,done
Fire Detection Systems,http://www.firedetect.co.za/,info@firedetect.co.za,done
Omega Security Solutions,https://www.omegasecuritysolutions.co.za/,"carl@omegasecuritysolutions.co.za,omega@omegasecuritysolutions.co.za",done
N1 Fire and Security 1475,http://www.firetec.co.za/,firesec@mweb.co.za,done
Novis Integrated Systems A FADT Authorised Dealership,https://novistech.co.za/,,no website
Warp Development,https://www.warpdevelopment.com/?utm_source=organic&utm_medium=gmb&utm_campaign=pretoria,"4c373d8e0d6847128ecbd3b0cb3d5297@warpdevelopment.com,sales@warpdevelopment.com,takedown@ispa.org,takedown@ispa.org.za",done
Sensor Security Eastern Cape,https://www.sensorsecurity.co.za/,"charmaine@sensorsecurity.co.za,eckard@sensorsecurity.co.za,edmund@sensorsecurity.co.za,info@sensorsecurity.co.za,info@sensorsecurity.net,marissah@sensorsecurity.co.za,nadine@sensorsecurity.co.za,techqueries@sensorsecurity.co.za,willem@sensorsecurity.co.za",done
BoosTech Kimberley,https://boostechsa.co.za/,boostechsa@gmail.com,done
SECURITECH (GEORGE),https://securitechdistributors.co.za/,"info@securitechdistributors.co.za,plett@securitechdistributors.co.za",done
CRT Digital,https://www.crtdigital.co.za/,"capetown@crtdigital.co.za,design@crtdigital.co.za,info@crtdigital.co.za,support@crtdigital.co.za",done
Polymorph Systems,http://www.polymorph.co.za/,,no email
Waltec CCTV,https://waltec.co.za/,"accounts@waltec.co.za,walter@waltec.co.za",done
Shepherd Alarms,http://www.lgsecurity.co.za/,"accounts@lgsecurity.co.za,info@lgsecurity.co.za",done
Global Software Innovations,https://www.globalsoftwares.co.za/,"2.@b7.pq,do@J.yoo,info@globalsoftwares.co.za",done
Lesleyled Technologies,http://www.lesleyledwaba.life/,,no website
IT Artisan Computer Services,https://itartisan.co.za/,fred@itartisan.co.za,no website
Livex Software,https://livex.co.za/,"J@r.Ie,info@livex.co.za",done
Praelexis (Pty) Ltd,http://www.praelexis.com/,,no website
Code Blue Alarms & Monitoring,http://codebluealarms.co.za/,"info@codebluealarms.co.za,sales@codebluealarms.co.za,technical@codebluealarms.co.za",done
Vital Security,https://www.instagram.com/ms_securitysolutions?igsh=MTFzZ3Nvbzd1NGo0cg==,,no email
Marshall Fire Systems,http://igfire.co.za/,igfiresystems@gmail.com,done
Krayon Digital (PTY) ltd,https://krayon.co.za/,,no email
Vergo Tech,https://www.vergotech.co.za/,"bonke@vergotech.co.za,hello@liquid-themes.com",done
Zαfείrί,https://www.zafeiri.co.za/,,no website
Capital Fire & Safety Services,http://www.capitalfire.co.za/,"dheeraj@capitalfire.co.za,info@capitalfire.co.za,kassandra@capitalfire.co.za",done
Embedded-IQ,https://embedded-iq.com/,,no email
IoTdc (Pty) Ltd,https://iotdc.co.za/,sales@iotdc.co.za,done
CKR Consulting Engineers - Johannesburg,http://www.ckr.co.za/,,no email
Fundamental Capital,http://www.fundamentalvcc.co.za/,"charles@fundamentalvcc.co.za,hans@fundamental.co.za,hans@fundamentalvcc.co.za,info@fundamental.co.za,kai@fundamentalvcc.co.za,olivier@fundamentalvcc.co.za,uwe@fundamentalvcc.co.za",done
Angel Investment Network Ltd,https://www.angelinvestmentnetwork.co.uk/network,,no website
AUKODesigns,http://www.aukodesignss.co.za/,"info@aukodesignss.co.za,sales@aukodesignss.co.za",done
Solid Systems,https://www.solidsystems.co.za/?utm_source=Google-My-Business&utm_medium=GMB&utm_campaign=CapeTown&utm_content=South-Africa,you@company-email.com,done
Trinity IOT - Johannesburg,https://www.trinity.co.za/,,no website
Devcotech Electrical Engineering,http://www.kaltron.co.za/,"cpillay@kaltron.co.za,info@kaltron.co.za",done
Newtown Partners,https://www.newtownpartners.com/,,no website
IDESO - Industrial Design Solutions,http://www.ideso.co.za/,marc@ideso.co.za,done
Codesphere Systems,https://www.codesphere.co.za/,"brad@codesphere.co.za,complaints.IR@justice.gov,complaints.ir@justice.gov.za,info@codesphere.co.za",done
SMEC South Africa Durban,https://www.smec.com/location/south-africa/,,no website
eSiza Capital,http://esizacapital.com/,,no website
Trade & Investment KwaZulu-Natal,http://www.tikzn.co.za/,"info@tikzn.co.za,nosipho@tikzn.co.za",done
Pasculus Creative,http://pasculus.co.za/,,no website
HJ Embedded Systems,http://www.hjsystems.co.za/,"admin@hjsystems.co.za,jabuhj@gmail.com",done
IoT.nxt,https://www.iotnxt.com/,,no email
Technology Station in Electronics,http://www.tselectronics.co.za/,admin@tselectronics.co.za,done
Fledge Capital,http://fledge.co.za/,"anlia@fledge.co.za,konrad@fledge.co.za",done
Oasis Design,http://oasisdesignstudio.co.za/,"john@company.com,mikesamangah@gmail.com",done
Intelligent Output Systems,http://www.iosystems.co.za/,"info@iosystems.co.za,inforeg@justice.gov,inforeg@justice.gov.za",done
Moregworks | Engineering Company in Port Elizabeth,http://www.moregworksprojects.co.za/,info@moregworksprojects.co.za,done
Xwena Capital,http://xwenacapital.com/,"info@xwenacapital.co.za,info@xwenacapital.com",done
OFT Group,https://oftgroup.co.za/,"accounts@oftgroup.co.za,byron.muller@ioftgroup.co.za,byron.muller@oftgroup.co.za,info@oftgroup.co.za,lana.stafford@oftgroup.co.za,natasha.gouws@oftgroup.co.za,natasha.swanepoel@oftgroup.co.za,petro.jacobs@oftgroup.co.za,petro@oftgroup.co.za,sam.taylor@oftgroup.co.za,tanya.coetzee@oftgroup.co.za",done
Design Engineering,https://inovine.co.za/,ashley@inovine.co.za,done
MSQ Technologies,http://www.msqtech.co.za/,"mfuneko@msqtech.co.za,sales@msqtech.co.za",done
Electronic & Power Manufacturing,http://www.epm.co.za/,sales@epm.co.za,done
Concept Ventures,https://www.hlayisani.com/,admin@hlayisani.com,done
New Perspective Design | Websites | Marketing | Graphics | Branding,https://www.newperspectivestudio.co.za/,"Web@newperspectivestudio.co.za,info@newperspectivestudio.co.za,john@doe.com,support@example.com,t@click.stop",no website
IQ Tech - Intelligent Quality Technology,https://www.iqtech.co.za/,"admin@iqtech.co.za,info@iqtech.co.za,info@quicksolve.co.za,inforeg@justice.gov,sales@iqtech-wc.co.za,sales@iqtech.co.za",done
U-Tech Engineering,https://u-tech.co.za/,,no website
Salvo Capital,https://salvocapital.com/,,no email
Brand New SA,http://brandnewsa.com/,,no website
K L Engineering Works,https://www.qualityengineering.co.za/,"admin@qengineering.co.za,reinhard.qengineering@gmail.com,sales@qengineering.co.za",done
Trade & Investment Limpopo,https://pamvura.co.za/,admin@pamvura.co.za,done
Cosmoplan Architects & Industrial Designers,https://www.krehaus.co.za/,krehaus1@gmail.com,done
The I.T Company(PTY)LTD,http://theitco.co.za/,"marko@theitco.co.za,victor@theitco.co.za,you@company.co.za",done
Power Plant Electrical Technologies (Pty) Ltd (PPE Technologies),http://www.ppetech.co.za/,"marketing@ppetech.co.za,marketing@ppetech.co.za%20,sales@ppetech.co.za",done
Capital Legacy Nelspruit,https://www.capitallegacy.co.za/,"claims@capitallegacy.co.za,complaints@capitallegacy.co.za,info@faisombud.co.za,info@guardrisk.co.za,info@nfosa.co.za,lifeinfo@capitallegacy.co.za,popi@capitallegacy.co.za,wills@capitallegacy.co.za",done
UNDERCOVER DESIGN,https://billing639c.myportfolio.com/,,no website
Survcom Technologies,http://survcomkby.wixsite.com/live,"2062d0a4929b45348643784b5cb39c36@sentry.wixpress,605a7baede844d278b89dc95ae0a9123@sentry-next.wixpress,8eb368c655b84e029ed79ad7a5c1718e@sentry.wixpress,techteam@survcom.co.za",done
Pronto IT Solutions,https://ipt.za.com/it-support-kimberley/,"info@IPTH.co.za,info@ipt.za,info@ipt.za.com,info@ipth.co.za",done
Geard Electrical (Pty Ltd),http://geardelectrical.co.za/,geardenterprises@icloud.com,done
Maletchaba Human Capital (Pty) Ltd,http://maletchaba.co.za/,"hrm@maletchaba.co.za,info@maletchaba.co.za,inforeg@justice.gov,inforeg@justice.gov.za",done
Makespace Architects,http://www.makespace.co.za/,"Mabenge@makespace.co.za,chris@makespace.co.za,george@makespace.co.za,hein@makespace.co.za,hello@create.com,mabenge@makespace.co.za,wagener@makespace.co.za",done
Techkings,http://www.techkings.co.za/,sales@techkings.co.za,done
Rolyn Engineering,http://www.rolynengineering.co.za/,"benoni@rolynengineering.co.za,bloemfontein@rolynengineering.co.za,capetown@rolynengineering.co.za,careers@rolynengineering.co.za,durban@rolynengineering.co.za,gqeberha@rolynengineering.co.za,lydenburg@rolynengineering.co.za,sales@rolynengineering.co.za",done
JL Creatives,http://www.jlcreatives.co.za/,info@jlcreatives.co.za,done
Bastrio Technology,https://www.bastrio.co.za/,,
My Fridge Online,https://mfol.co.za/,support@myfridgeonline.com,done
Anderson Engineering,http://www.andersoneng.co.za/,"hr@andersoneng.co.za,mail@andersoneng.co.za",done
Hunnid Bands Capital,https://www.tesmax.co.za/,,no email
ISM,https://www.ism-sa.co.za/,,no email
Outeniqua IT,https://www.outeniquait.co.za/,info@outeniquait.co.za,done
BDE Consulting Engineers (Pty) Ltd,https://bdeconsult.co.za/,,no email
Solidline Capital,https://www.solidlinecapital.co.za/,invest@solidlinecapital.co.za,done
Maker Industries,https://themakerindustries.com/,,
Etse Electronics,http://www.etse.co.za/,info@etse.co.za,done
Octoco,http://octoco.ltd/,info@octoco.ltd,done
Invenfin,http://www.invenfin.com/,,no email
Venter Engineering,http://www.venterengineering.co.za/,anton@venterengineering.co.za,done
E4 Electrical,https://e4electrical.co.za/,,
Ecotech Engineering,http://www.ecotechengineering.co.za/,,
Hofmeyr & Associates Consulting Engineers Knysna,https://hofmeyrassociates.co.za/,,
Pure Platinum,http://www.pure-platinum.co.za/,,
Mayfair Capital,http://mayfaircapital.xyz/,"alan@mayfaircapital.xyz,complaints.IR@justice.gov,info@example.com,www@mayfaircapital.xyz",done
By Design,https://knysnabydesign.co.za/,printing@knysnabydesign.co.za,done
Philco Systems (Pty) Ltd.,http://www.philco.co.za/,,
Rhino Capital Investments (Pty) Ltd,http://rcinvest.co.za/,,
3D Inc (3D printing),http://3dinc.co.za/,,
GITECH,https://www.gitech.co.za/,,
Calibre Consulting Engineers (SA) (Pty) Ltd,http://www.calibreeng.co.za/,admin@calibreeng.co.za,done
FINCOR Accountants,http://www.fincor.co.za/,,
Mogale Design And Projects(PTY)Ltd.,https://www.4fc.co.za/,,
Jericho Systems,http://jerichosystems.co.za/,,
ELECTRO INSTRUMENTS,http://wjengineering.net/,,
Shaun Dalton CFP® - Efficient Wealth,https://www.shaundalton.co.za/,,
Designer boards and decor,https://www.alinestudiosa.com/,elri@alinestudio.co.za,done
ifm electronic,http://www.ifm.com/za,,no email
ITS Klerksdorp,http://www.itsklerksdorp.co.za/,,
Live Line Technology,http://www.liveline.co.za/,sales@liveline.co.za,done
PPW and Associates (North West),http://ppw-associates.com/,,
Colad Design Studio,http://www.colad.co.za/,,
The A&R Group,http://www.areng.co.za/,,
IE Capital,https://iecapital.co.za/,,
Link Designs - Graphic & Website Design,http://www.link-designs.co.za/,,
Tecmo Automation (Pty) Ltd,http://www.csdtecmo.co.za/,,
Hive IoT,http://www.hive-iot.com/,,
Field Services And Engineering,http://fse.net.za/,,
TPE Design Engineering,https://www.tpede.co.za/,,no website
Webify,https://www.webify.org.za/,,no email
The IOT Cafe,https://iotsolutions.co.za/,,
Ericson Engineering (pty) Ltd,https://ericsonengineering.co.za/,,
MyGrowthFund Venture Partners,http://www.mygrowthfund.co/,,
Dezign AM,http://www.indabukodesign.co.za/,,
Quantum Design and Engineering (PTY) Ltd.,http://www.qde.co.za/,,
Vegas Investment Holdings cc,https://mbieno-investments.com/,,
Make A Plan Signage Projects,https://www.facebook.com/profile.php?id=100064040709874,,no email
SCC SEKHASIMBE CONSIENTIOUS COMPANY(PTY)LTD,http://www.sekhasimbecc.africa/,,
Epoxy Crafting Projects,https://mamelodibiz.co.za/,,
Fire and Security Techniques,https://www.fst.co.za/,,
Security Warehouse Headquarters,http://www.securitywarehouse.co.za/,,
{type}DEV,https://typedev.io/,,
Sabertek(Pty)Ltd,http://www.sabertek.co.za/,,
Ntirhisano Venture Capital,https://ntirhocapital.co.za/,,
EARN - Enterprising Africa Regional Network,https://www.earninternational.net/,,
Future Branding,http://www.futurebranding.co.za/,,
National Security & Fire (Pty) Ltd,http://infinityandfireservices.co.za/,,
Midrand Alarms,http://www.midrandalarms.co.za/,,
Blue Turtle Technologies (Head Office),http://www.blueturtle.co.za/,,
Quadrant Systems,http://www.quadrantsystems.co.za/,,
IOT Rev-Tech,http://iotrevolution.co.za/,,
ALENG Engineering Services (Pty) Ltd,https://alenggroup.com/,,
Kgatelopele Venture Capital and Private Equity Pty (Ltd),http://kgatelopele.co.za/,,
"Denka, Industrial Design Johannesburg",http://www.denka.co.za/,,
Fire Detection Suppliers,http://www.isfsfp.co.za/,sales@isfsfp.co.za,done
Cease Fire South Africa,https://ceasefireafrica.co.za/,info@ceasefireafrica.co.za,done
Quantico Security Solutions (Pty) Ltd JHB | KZN | CPT,http://www.quanticosecurity.co.za/,info@quanticosecurity.co.za,done
Providence Software Solutions,http://www.providencesoft.com/,,
EHL Engineering Group,http://www.ehl.co.za/,,
Dazzle Angels,http://dazzleangels.com/,,
Steinhobel Design (Pty) Ltd,https://www.artsteinhobel.com/,,
DSS Fire Systems,http://www.dssfire.co.za/,,
Stemar Security Systems,https://stemar.co.za/,"Gary@Stemar.co.za,Info@Stemar.co.za,Sales@stemar.co.za,gary@stemar.co.za,info@stemar.co.za,sales@stemar.co.za",done
Scrums.com (Johannesburg),https://www.scrums.com/,"careers@scrums.com,hello@scrums.com,join@scrums.com,platform@scrums.com,sales@scrums.com,security@scrums.com,support@scrums.com",done
TM Engineering,https://tmengineering.co.za/,,
Precision Designs Agency,https://precisiondesignsagency.com/,"info@precisiondesignsagency.com,your.email@example.com",done
Fire Risk Solutions and Maintenance,https://www.firerisks.co.za/,,
Security Warehouse West Rand,https://www.securitywarehouse.co.za/,,
Runninghill Software Development,https://runninghill.co.za/,"cv@runninghill.co.za,info@runninghill.co.za",done
RWW Engineering (Pty) Ltd,http://www.rww.co.za/,,
WealthyMe,https://wealthymefs.co.za/,,
DESIGNERD (Pty) Ltd,https://designerd.co.za/,,
Alarmtec (Pty) Ltd,https://www.alarmtec.co.za/,,
ALGA Digital,https://algadigital.co.za/,,
Dueltron System Integration (Pty) Ltd,https://www.dueltron.co.za/,,
Autoliv Southern Africa Pty Ltd,http://www.autoliv.com/,,
REP Engineering,http://www.repengineering.co.za/,info@repeng.co.za,done
Excalibur Wealth (Pty) Ltd,http://www.excalibur.co.za/,,
ROLDOTSA,http://www.roldotsa.co.za/,,
Brady Protection Incendie SA,http://www.bpiintl.com/,,
TG Security Systems,http://www.tgsecurity.co.za/,,
Evolvea Systems pty (ltd),https://evolvea.digital/,,
Electronic designers,https://eliteengineering.co.za/,,
Capture Creative Design,http://www.capturecreative.co.za/,info@capturecreative.co.za,done
Tempest Fire,http://tempestfire.co.za/,,
Fire Control Services,http://www.krsfire.com/,,
AAA Alarms,https://aaa-alarms.co.za/,,no website
Tech We Aah,https://techweaah.co.za/,"info@techweaah.co.za,infot@techweaah.co.za,kireshnee@techweaah.co.za",done
Day-Tec,http://day-tec.com/,info@day-tec.com,done
Resego Technologies,https://resegotech.co.za/,"Info@resegotech.co.za,Nikki@resegotech.co.za,fanie@resegotech.co.za,info@resegotech.co.za,nikki@resegotech.co.za,promise@resegotech.co.za,tiaan@resegotech.co.za",done
Nera Capital Partners,http://landscapital.com/,info@landscapital.co.za,done
Barnel Design and Manufacturing,http://www.barneldesign.co.za/,,no website
Exodus Fire (Fire Risk Prevention Specialists),http://www.advancedfst.co.za/,,
Rapid Fire Safety Services,http://advancefire.co.za/,advf@mweb.co.za,done
CPS SECURITY,http://www.c-p-s.co.za/,sales@c-p-s.co.za,done
Applord,https://applord.co/,,no email
Mantech Systems and Solutions,http://www.mantechsystems.co.za/,".zasales@mantechsystems.co.za,info@mantechsystems.co.za,sales@mantechsystems.co.za",done
NexusDev Software Development,https://nexuscode.co.za/,,no email
AGP Engineering,http://www.agpengineering.co.za/,info@agpengineering.co.za,done
FV of Money (Pty) Ltd,http://www.fvvcapital.co.za/,invest@fvvcapital.co.za,done
Webshure Digital Marketing & Website Design Agency,https://www.webshure.com/,,no website
MSL Security Products - Collection Point,http://www.idsprotect.co.za/,,
Nelly Technologies (Pty) Ltd,https://nellytechnologies.co.za/,,no email
MOTION CONTROL SYSTEMS,http://www.motioncontrolsystems.co.za/,info@motioncontrolsystems.co.za,done
Manfel Engineering,http://www.manfel.co.za/,info@manfel.co.za,done
JP DESIGN & ENGINEERING,http://www.designeng.co.za/,,no email
Fire Order (Pty) Ltd,https://www.fireorder.co.za/,"admin@fireorder.co.za,kingproteadigital@gmail.com",done
Mathambo fire Pty Ltd,https://mathambofire.co.za/,info@mathambofire.co.za,done
Prosafe Protection Products Cc,http://www.prosafesecurity.com/,"0e6a29e4756740a8a63493e912ba2174@sentry.wixpress,18d2f96d279149989b95faf0a4b41882@sentry-next.wixpress,2062d0a4929b45348643784b5cb39c36@sentry.wixpress,5d1795a2db124a268f1e1bd88f503500@sentry.wixpress,605a7baede844d278b89dc95ae0a9123@sentry-next.wixpress,8c4075d5481d476e945486754f783364@sentry.io,8eb368c655b84e029ed79ad7a5c1718e@sentry.wixpress,aj@prosafesecurity.com,baf30a2b91654c5a840931f0137bed30@sentry.wixpress,c183baa23371454f99f417f6616b724d@sentry.wixpress,celeste@prosafesecurity.com,chene@prosafesecurity.com,dd0a55ccb8124b9c9d938e3acf41f8aa@sentry.wixpress,dorette.prosafe@gmail.com,dorette@prosafesecurity.com,gerhard@prosafesecurity.com,gordon@prosafesecurity.com,joyce@prosafesecurity.com,liaan@prosafesecurity.com,marelize@prosafesecurity.com,marilise@prosafesecurity.com,marthie@prosafesecurity.com,rachel@prosafesecurity.com,tiaans@prosafesecurity.com,tony@prosafesecurity.com",done
Developmento Labs (Pty) Ltd,https://developmentolabs.co.za/,info@developmentolabs.co.za,done
Lesavert (PTY) LTD,http://lesavert.co.za/,"accounts@lesavert.co.za,procurement@lesavert.co.za,sales@lesavert.co.za",done
Electrical Instrument Management Services,http://machinerepair.co.za/,admin@machinerepair.co.za,done
Alchemist Design Studio,http://www.alchemistdesign.co.za/,info@alchemistdesign.co.za,done
Vaal Triangle Fire Services (Pty) Ltd,http://www.vaaltrianglefireservices.co.za/,"accounts@itmastermind.co.za,vaaltfire@icon.co.za",done
The Security Mecca Cc,http://www.secmec.co.za/,"info@secmec.co.za,it@secmec.co.za",done
Global Software Services,http://globalsoftwareservices.co.za/,,no website
Ecotec Engineering (Pty) Ltd,http://ecotec.co.za/,,no email
Stock Electronics,https://www.stockelectronics.co.za/,sales@seweb.co.za,done
Bunnypants,https://www.bunnypants.co.za/,"info@yourbusiness.co.za,robyn@itutoring.co.za",done
373 Alarms,https://373alarms.co.za/,,
Hybrid Technology,https://hybridtechnology.co.za/,,no email
Mobile Comp Tech,http://www.mobilecomptech.co.za/,,no email
Enserve Engineering Services (Pty) Ltd,https://enserveonline.com/,"a@J.uu,adminkzn@enserve.co.za,brandon@enserve.co.za,danie@enserve.co.za,durban@enserve.co.za,grant@enserve.co.za,hassank@enserve.co.za,lungi@enserve.co.za,mail@enserve.co.za,maputo@enserve.co.za,margievdw@enserve.co.za,migueln@eswafrica.com,namibia@enserve.co.na,namibia@enserve.co.za,nthabisengs@enserve.co.za,paulo@enserve.co.mz,paulo@enserve.co.za",done
SIS Engineering and Design,https://siseng.co.za/,,no website
DFW FIRE & RESCUE NPC,http://dfwfireandrescue.com/,"Drakensteinfw@gmail.com,drakensteinfw@gmail.com",done
PACRS,http://www.pacrs.co.za/,"AllanC@pacrs.co.za,RaynoC@pacrs.co.za,accounts@pacrs.co.za,allanc@pacrs.co.za,customercare@pacrs.co.za,guarding@pacrs.co.za,info@pacrs.co.za,rayleen44@gmail.com,raynoc@pacrs.co.za,sales@pacrs.co.za,service@pacrs.co.za,technical@pacrs.co.za,training@pacrs.co.za,visser@gmail.com,wedenc@pacrs.co.za",done
DNS Africa Ltd,https://dns.business/,,
M and M Electronics,https://www.mandmelec.co.za/,,
TallOrder Solutions,https://www.tallorderpos.com/,,
Chanbeta International (Pty) Ltd,http://southerncrosscapital.co.za/,,
CreateSA - Design and Printing Studio,http://createsa.co.za/,,
Security Solutions Company,https://securitysolutionscompany.com/,,
Weskaap Brandblussers,http://www.bvm.gov.za/,,
Simplict,http://www.simplict.it/,,
Enso Tech,http://www.enso.co.za/,,
Worcester,"https://en.wikipedia.org/wiki/Worcester,_South_Africa",,
Elementary Technologies - Lighting Controls & IoT solutions in Cape Town,https://www.elementarytechnologies.co.za/,,
Digital Interactive Graphic Design Studio Pretoria,https://www.di.co.za/,,
The Engineering Hub,https://theengineeringhub.co.za/,,
Edgetec Systems (Pty) Ltd,http://www.edgetec.co.za/,,
Electro Systems,http://www.electrosystems.co.za/,,
Itec Kimberley,http://itecgroup.co.za/,,
ITEngineering & Media (PTY) Ltd,https://www.nortechsystems.co.za/,,
J T R International Investment Company (Pty) Ltd,http://www.strathedeninvestments.co.za/,,
Mixed Elements Design Studio,http://www.medesignstudio.me/,,
Wave Technologies SA,http://wave.co.za/,,
Anywhere I.T,http://anywhereit.co.za/,,
Natec It Solutions,https://natec.co.za/,,
Designer boards and decor,http://thedesignstudio.co.za/,,
Klerksdorp Engineering,http://www.klerksdorpengineering.co.za/,,
Welkom Industrial Controls,http://www.manos.co.za/,,
Mamelodi Fire Station,https://www.tshwane.gov.za/?page_id=2294,,
ZSS Security (PTY) Ltd,https://zss-security.co.za/,,
SB SECURITY,http://www.sbsecurity.co.za/,,
Recadi Technologies,https://recadi.co.za/,,
Artwork Army - Packaging Design & 3D Renders,https://artworkarmy.co.za/,,
Martins Installations - Turn-Key Security System Installers,http://www.martinsinst.co.za/,,
Dube Developers,https://www.dubedevelopers.co.za/,,
Eagle Micro Systems CC,https://www.eaglemicro.co.za/,,
Instrumech Engineering,http://www.instrumechengineering.co.za/,,
Jet Creative Studio,https://www.jetcreativestudio.com/,,
Ekhurleni Fire Detectors CC,http://www.ekhurlenifire.co.za/,,
Jeenel Technology Services Pty Ltd,http://www.jeenel.com/,,
Greensky Brand Architects,http://www.greensky.co.za/,,
Visiongrind Branding Solutions,https://www.visiongrind.co.za/,,
Worcester Kommunikasie,http://www.worcesterkommunikasie.co.za/,,
ElmMac Pty Ltd | Websites . Mobile Apps & Software Developers,https://elmmac.co.za/,,
"Mate Systems (Access control, Turnstile, Siren, Clock card machine, Fingerprint scanner, Biometric reader)",https://www.matesystems.co.za/,,
DesignCo. Brand Developers,http://www.designcoza.com/,,
SA Fire Holdings - (SA Fire Group) - Wonderboom South,http://www.safireholdings.co.za/,,
Design Lab SA,https://designlabsa.co.za/,,
Atlas Security,http://www.atlas24.co.za/,,
Inovosystems,https://inovosystems.co.za/,,
Founders Box Digital Solutions,http://www.foundersbox.co.za/,,
SST Software and Security Technologies,https://www.sstonline.co.za/,,
Creative Design Studio Knysna,https://www.creativeknysna.co.za/,,
Ngeloz Electrical Witbank,http://www.ngelozelectrical.co.za/,,
ABC Security Shop,https://www.natsecurity.co.za/,,
Dark Rain,https://darkrain-pty-ltd.lovable.app/,,
Fire Detection Suppliers,http://www.mfsprojects.co.za/,,
Ultimate Fire Protection,https://www.ultimatefireprotection.co.za/,,
eRay Technologies,http://www.eraytechnologies.com/,,
Security Goods & Gadgets,http://www.securitygoodsandgadgets.co.za/,,
Trifonics,https://trifonics.co.za/,,
Security Junxion Krugersdorp,http://securityjunxion.co.za/,,
Cradle Security,http://cradlesecurity.co.za/,,
P & P Security,https://ppsecurity.co.za/quote/,,
Mr Technology Relaible Security System,http://www.mrtechnology.co.za/,,
GA Capital,http://www.ferrousinvestments.co.za/,,
EX-PERIENCE Design & Marketing Studio,https://ex-periencestudio.my.canva.site/,,
Gemelli IT Services,http://www.gemelliit.com/,,
CZ Electronics (Pty) Ltd,http://www.czelectronics.co.za/,,
Metalogik Engineering Services,http://www.metalogik.co.za/,,
Nera Capital Partners,http://jwatlalainvestments.com/,,
Xsphere Marketing and Design,https://www.xsphere.co.za/,,
Tomco Electrical And Mechanical Engineering,http://www.tomco.co.za/,,
Codex Designs Inc.,http://www.codexdesigns.co.za/,,
CIDevs - Create and Inspire Developers (Pty) Ltd,https://cidevs.co.za/,,
Tumelo Engineering Solutions,http://www.tumeloengineeringsolutions.co.za/,,
FJ3 Design,https://fj3design.co.za/,,
Astek security & automation Paarl,http://astek.co.za/,,
Pyro-Tech Security Suppliers,http://www.pyro-tech.co.za/,sales@pyro-tech.co.za,done
BBD - Johannesburg,https://www.bbdsoftware.com/,,
Embedded-IQ,https://embedded-iq.com/,,
IoTdc (Pty) Ltd,https://iotdc.co.za/,,
CKR Consulting Engineers - Johannesburg,http://www.ckr.co.za/,,
MyGrowthFund Venture Partners,http://www.mygrowthfund.co/,,
AUKODesigns,http://www.aukodesignss.co.za/,,
Fire Detection Systems,http://www.firedetect.co.za/,,
A N S Fire Protection Services CC,http://ansfire.co.za/,,
RSEC Security Equipment Centre Pty Ltd,https://rsec.co.za/,,
KRS | Khanyisa Real Systems | Software Development Company,https://krs.co.za/,,
Elementary Technologies - Lighting Controls & IoT solutions in Cape Town,https://www.elementarytechnologies.co.za/,,
Devcotech Electrical Engineering,http://www.kaltron.co.za/,,
Newtown Partners,https://www.newtownpartners.com/,,
IDESO - Industrial Design Solutions,http://www.ideso.co.za/,,
Eagle Fire Control,http://www.eaglefire.co.za/,,
Blue Flame Group,http://blueflamegroup.co/,,
Blue Security,https://www.bluesecurity.co.za/,,
Kaleidocode Pty Ltd,http://www.kaleidocode.co.za/,,
Codesphere Systems,https://www.codesphere.co.za/,,
Zenotha IT Solutions,https://zenotha.co.za/,,
SMEC South Africa Durban,https://www.smec.com/location/south-africa/,,
eSiza Capital,http://esizacapital.com/,,
Trade & Investment KwaZulu-Natal,http://www.tikzn.co.za/,,
Pasculus Creative,http://pasculus.co.za/,,
EyeDentiFire,http://www.eyedentifire.co.za/,,
N1 Fire and Security 1475,http://www.firetec.co.za/,firesec@mweb.co.za,done
Novis Integrated Systems A FADT Authorised Dealership,https://novistech.co.za/,,
Livex Software,https://livex.co.za/,,
HJ Embedded Systems,http://www.hjsystems.co.za/,,
IoT.nxt,https://www.iotnxt.com/,,
Technology Station in Electronics,http://www.tselectronics.co.za/,,
Fledge Capital,http://fledge.co.za/,,
Digital Interactive Graphic Design Studio Pretoria,https://www.di.co.za/,,
Fire Detection Services,http://www.firedetectionservicessa.co.za/,,
Gemlay Fire Alarm Systems,http://www.gemlayfire.co.za/,,
Sensor Security Eastern Cape,https://www.sensorsecurity.co.za/,,
COMPRSA,http://www.comprsa.com/,,
Intelligent Output Systems,http://www.iosystems.co.za/,,
The Engineering Hub,https://theengineeringhub.co.za/,,
Xwena Capital,http://xwenacapital.com/,,
OFT Group,https://oftgroup.co.za/,,
Design Engineering,https://inovine.co.za/,,
Ashes Fire and Security (Pty) Ltd,https://ashesfire.co.za/,,
Code Blue Alarms & Monitoring,http://codebluealarms.co.za/,,
Vergo Tech,https://www.vergotech.co.za/,,
MSQ Technologies,http://www.msqtech.co.za/,,
Electronic & Power Manufacturing,http://www.epm.co.za/,,
Concept Ventures,https://www.hlayisani.com/,,
New Perspective Design | Websites | Marketing | Graphics | Branding,https://www.newperspectivestudio.co.za/,,
OFS Fire Services,https://www.centaofsfire.com/,,
Elvey Security Technologies - Bloemfontein Branch,http://www.elvey.co.za/,,
CodePure,http://www.codepure.co.za/,,
IQ Tech - Intelligent Quality Technology,https://www.iqtech.co.za/,,
U-Tech Engineering,https://u-tech.co.za/,,
WN Capital (Pty) Ltd,https://salvocapital.com/,,
Brand New SA,http://brandnewsa.com/,,
Unique Fire,http://www.uniquefire.co.za/,,
Singularity Technologies (pty) Ltd,http://www.singularitytech.co.za/,,
Quality Engineering,https://www.qualityengineering.co.za/,,
Trade & Investment Limpopo,https://pamvura.co.za/,admin@pamvura.co.za,done
Dig The Elements (Pty) Ltd,https://digtheelements.co.za/,,
Fire Control Security Services,http://www.firecontrolservices.co.za/,,
Regal Distributors SA (Pty) Ltd,http://www.regalsecurity.co.za/,,no website
eKhonnector Systems,https://www.ekhonnector.co.za/,,
The I.T Company(PTY)LTD,http://theitco.co.za/,,
Electro Systems,http://www.electrosystems.co.za/,,
Capital Legacy Nelspruit,https://www.capitallegacy.co.za/,,
UNDERCOVER DESIGN,https://billing639c.myportfolio.com/,,
Kevcor,http://fgsnet.co.za/,,
Top Security Systems - TSS,https://topsec.co.za/,,
BoosTech Kimberley,https://boostechsa.co.za/,,
IPT,https://ipt.za.com/it-support-kimberley/,,
Geard Electrical (Pty Ltd),http://geardelectrical.co.za/,,
"NCEDA (NORTHERN CAPE ECONOMIC DEVELOPMENT, TRADE AND INVESTMENT PROMOTION AGENCY)",http://maletchaba.co.za/,,
Makespace Architects,http://www.makespace.co.za/,,
City Fire and Safety,http://www.taligenix.co.za/,,
City Fire and Safety,https://www.sentinelfiresafetysolutions.co.za/,,
Securocity,http://www.securocity.co.za/,securocity@gmail.com,done
PHINEM GRAPHIX,https://phinemgraphix.co.za/,,
Techkings,http://www.techkings.co.za/,,
SST Software and Security Technologies,https://www.sstonline.co.za/,,
Techni Pro (Head Office),http://www.technipro.co.za/,,
Rolyn Engineering,http://www.rolynengineering.co.za/,,
OBP Investments (Pty) Ltd,http://www.obp-i.co.za/,,
JL Creatives,http://www.jlcreatives.co.za/,,
Fire Alert,http://www.firealert.co.za/,,
Capital Fire & Safety Services,http://www.capitalfire.co.za/,,
NDS Security Solutions,http://www.ndssecuritysolutions.co.za/,"info@ndssecuritysolutions.co.za,salesballito@ndssecuritysolutions.co.za,saleschats@ndssecuritysolutions.co.za,salespmb@ndssecuritysolutions.co.za,salesrbay@ndssecuritysolutions.co.za,salestoti@ndssecuritysolutions.co.za,support@securitydistributor.com",done
Terabyte Technologies,https://www.terabytedesigns.co.za/,,
Bastrio Technology,https://www.bastrio.co.za/,,
My Fridge Online,https://mfol.co.za/,,
Anderson Engineering,http://www.andersoneng.co.za/,,
Hunnid Bands Capital,http://www.strathedeninvestments.co.za/,,
Brent on Fire,https://showme.co.za/george/industry/caw-fire-supplies/,,
SECURITECH (GEORGE),https://securitechdistributors.co.za/,,
"Cloudfusion - Custom Web, App & Software Solutions",https://www.cloudfusion.co.za/,,
Outeniqua IT,https://www.outeniquait.co.za/,,
BDE Consulting Engineers (Pty) Ltd,https://bdeconsult.co.za/,,
Maker Industries,https://themakerindustries.com/,,
Stellfire,http://www.stellfire.co.za/,,
Entersekt | The Financial Authentication Company,http://www.entersekt.com/,,
Wave Technologies SA,http://wave.co.za/,,
Octoco,http://octoco.ltd/,,
Etse Electronics,http://www.etse.co.za/,,
Invenfin,http://www.invenfin.com/,,
Knysna Fire Safety Equipment,https://www.grfire.co.za/,,
Allsound Security Cc,https://www.allsound.co.za/,,
Electron Software Solutions,http://www.electronsoftwaresolutions.co.za/,,
Venter Engineering,http://www.venterengineering.co.za/,,
Pivotal Financial Planning,http://mayfaircapital.xyz/,,
FAB Company,http://www.fabcompany.co.za/,,
SA Fire & Emergency Services,https://www.safe247.co.za/,,no email
THE SECURITY MECCA RICHARDS BAY,https://www.secmecrb.co.za/,,no website
Amidel KZN,http://www.amidel.co.za/,"connect@amidel.co.za,inforeg@justice.gov",done
Philco Systems (Pty) Ltd.,http://www.philco.co.za/,,
Rhino Capital Investments (Pty) Ltd,http://rcinvest.co.za/,,
3D Inc (3D printing),http://3dinc.co.za/,,
Mighty Fire Enterprises (Pty) Ltd,http://www.mightyfire.co.za/,"info@mightyfire.co.za,mightyfireenterprises@gmail.com",done
Security Junxion Witbank,http://instruman.co.za/,,
Collabrains Technologies.,https://collabrainstechnologies.co.za/,,
GITECH,https://www.gitech.co.za/,,
Calibre Consulting Engineers (SA) (Pty) Ltd,http://www.calibreeng.co.za/,,
Maison Investments 120 PTY LTD,http://www.mi120.co.za/,,
Mogale Design And Projects(PTY)Ltd.,https://664d1d8495f77.site123.me/,,
CSA Fire & Safety,http://www.csafire.co.za/,"info@csafire.co.za,kathu.nc@csafire.co.za,nastassja@csafire.co.za,sales@csahydraulics.co.za,target.fs@csafire.co.za,westonaria@csafire.co.za",done
FestFireSecurity™,http://www.fest.co.za/,,no email
The Security Mecca - Potch,http://www.secmec.shop/,,no website
Eduplay Software and Development (Pty) Ltd,http://www.eduplay.co.za/,,
Jericho Systems,http://jerichosystems.co.za/,,
ISP Home Automation,https://isphome.co.za/,,
ELECTRO INSTRUMENTS,http://wjengineering.net/,,
The Design Studio Architects,http://thedesignstudio.co.za/,,
TLC FIRE,http://www.tlcfire.co.za/,"admin@tlcfire.co.za,andre@tlcfire.co.za,marie@tlcfire.co.za,training@tlcfire.co.za",done
Waltec CCTV,https://waltec.co.za/,,
Global Solutions Group,http://www.globalsolutionsgroup.co.za/,"GSG@companydomain.com,info@company.com,info@globalsolutionsgroup.co.za,john@example.com,support@globalsolutionsgroup.co.za",done
IT Solutions,http://www.itsklerksdorp.co.za/,,
Klerksdorp Engineering,http://www.klerksdorpengineering.co.za/,,
PPW and Associates (North West),http://ppw-associates.com/,,
Colad Design Studio,http://www.colad.co.za/,,
Fire Quip Sales & Service,http://fire-quip.co.za/,"admin@fire-quip.co.za,bhm@fire-quip.co.za,bloem@fire-quip.co.za,kathu@fire-quip.co.za,marius@fire-quip.co.za,vaal@fire-quip.co.za",done
Shepherd Alarms,http://www.lgsecurity.co.za/,"accounts@lgsecurity.co.za,info@lgsecurity.co.za",done
Pksh Consulting,http://www.pksh.co.za/,,
The A&R Group,http://www.areng.co.za/,,
IE Capital,https://iecapital.co.za/,,
Link Designs - Graphic & Website Design,http://www.link-designs.co.za/,,
The Fire Guy,http://www.firesolve.co.za/,,
FireQuest,https://firequest.co.za/,,
Vaal Secure Solutions (Pty) Ltd,https://www.rescom.co.za/,,
Siteweb Digital Marketing,https://www.siteweb.co.za/,,
Tecmo Automation (Pty) Ltd,http://www.csdtecmo.co.za/,,
Malitech Engineering,http://www.malitech.co.za/,,
Fb Design,https://www.tpede.co.za/,,
Marshall Fire Systems,https://www.satafafireservices.co.za/,sales@satafafireservices.co.za,done
Centurion Systems Soweto,https://www.centsys.co.za/,"info@centurionsystems.co.za,legal@centsys.co.za",done
Moosistheking software development,http://www.lesleyledwaba.life/,,
The IOT Cafe,http://www.iotelectronics.co.za/,,
Ericson Engineering (pty) Ltd,https://ericsonengineering.co.za/,,
INDABUKO DESIGN,http://www.indabukodesign.co.za/,,
Cape Town Fire & Maintenance Services,http://firemaintenance.co.za/,,
SSS Defence Unit company PTY LTD,http://hdssolutions.co.za/,,no website
J N L TECH AND SOFTWARE PTY LTD,https://www.jnltechandsoftware.co.za/,info@jnltechandsoftware.co.za,done
Quantum Design and Engineering (PTY) Ltd.,http://www.qde.co.za/,,
Dayile Creations,https://www.dayilecreations.co.za/,,
Mitchell's Plain Fire Station,http://www.capetown.gov.za/,"Comprehensive.IntegratedTransportPlan@capetown.gov,TableBay.DistrictSDF@capetown.gov,cct.webmaster@capetown.gov,cct.webmaster@capetown.gov.za,comprehensive.integratedtransportplan@capetown.gov.za,electricityapplication.queries@capetown.gov,electricityapplication.queries@capetown.gov.za,sustainableenergymarkets.enquiries@capetown.gov,sustainableenergymarkets.enquiries@capetown.gov.za,tablebay.districtsdf@capetown.gov.za,valuations@capetown.gov,valuations@capetown.gov.za,valuationsappeals@capetown.gov,valuationsappeals@capetown.gov.za,valuationsobjection@capetown.gov,valuationsobjection@capetown.gov.za",done
Star Security Services,http://starsecurityservices.co.za/,,
IT Artisan Computer Services,https://itartisan.co.za/,,
M Quarts tech,https://mquarts.co.za/,mquarts21@gmail.com,done
Inzalo Yamaqhawe Technologies (Pty) Ltd,https://iytechnologies.co.za/,info@iytechnologies.co.za,done
SCC SEKHASIMBE CONSIENTIOUS COMPANY(PTY)LTD,http://www.sekhasimbecc.africa/,,
Unique Studio Group,https://mamelodibiz.co.za/,,
Fire and Security Techniques,https://www.fst.co.za/,,
Security Warehouse Headquarters,http://www.securitywarehouse.co.za/,,
{type}DEV,https://typedev.io/,,
Sabertek(Pty)Ltd,http://www.sabertek.co.za/,,
Ntirhisano Venture Capital,https://ntirhocapital.co.za/,,
EARN - Enterprising Africa Regional Network,https://www.earninternational.net/,,
Blitz Design,https://www.blitzdesign.co.za/,,
National Security & Fire (Pty) Ltd,http://www.fireseal.co.za/,,
North Fire Solution,http://infinityandfireservices.co.za/,,
Midrand Alarms,http://www.midrandalarms.co.za/,,
Blue Turtle Technologies (Head Office),http://www.blueturtle.co.za/,,
IOT Rev-Tech,http://iotrevolution.co.za/,,
ALENG Engineering Services (Pty) Ltd,https://alenggroup.com/,,
Kgatelopele Venture Capital and Private Equity Pty (Ltd),http://kgatelopele.co.za/,,
"Denka, Industrial Design Johannesburg",http://www.denka.co.za/,,
Fire Detection Suppliers,http://www.isfsfp.co.za/,,
Cease Fire South Africa,https://ceasefireafrica.co.za/,,
XStreme Security,http://xstremesecurity.co.za/,,
Providence Software Solutions,http://www.providencesoft.com/,,
EHL Engineering Group,http://www.ehl.co.za/,,
Dazzle Angels,http://dazzleangels.com/,,
Steinhobel Design (Pty) Ltd,https://www.artsteinhobel.com/,,
DSS Fire Systems,http://www.dssfire.co.za/,,
Stemar Security Systems,https://stemar.co.za/,,
Scrums.com (Johannesburg),https://www.scrums.com/,,
IoT Solutions,https://iotsolutions.co.za/,,
TM Engineering,https://tmengineering.co.za/,,
PRECISION FIRE SERVICES,https://5e4aa00fe5ed1.site123.me/,,
Fire Risk Solutions and Maintenance,https://www.firerisks.co.za/,,
Security Warehouse West Rand,https://www.securitywarehouse.co.za/,,
Runninghill Software Development,https://runninghill.co.za/,,
RWW Engineering (Pty) Ltd,http://www.rww.co.za/,,
WealthyMe,https://wealthymefs.co.za/,,
KM Product Design,https://designerd.co.za/,,
Dynamite fire Services and supply,https://dynamitefire.com/,,no website
Alarmtec (Pty) Ltd,https://www.alarmtec.co.za/,,
Security Goods & Gadgets,http://www.securitygoodsandgadgets.co.za/,,
ALGA Digital,https://algadigital.co.za/,,
Dueltron System Integration (Pty) Ltd,https://www.dueltron.co.za/,,
Instrumech Engineering,http://www.instrumechengineering.co.za/,,
Excalibur Wealth (Pty) Ltd,http://www.excalibur.co.za/,,
ROLDOTSA,http://www.roldotsa.co.za/,,
Brady Protection Incendie SA,http://www.bpiintl.com/,,
TG Security Systems,http://www.tgsecurity.co.za/,,
Evolvea Systems pty (ltd),https://evolvea.digital/,,
Hive IoT,http://www.hive-iot.com/,,
Electronic designers,http://www.vectorengineering.co.za/,,
GA Capital,http://www.ferrousinvestments.co.za/,,
Jet Creative Studio,https://www.jetcreativestudio.com/,,
Tempest Fire,http://tempestfire.co.za/,,
Fire Control Services,http://www.krsfire.com/,,
Tech We Aah,https://techweaah.co.za/,,
Day-Tec,http://day-tec.com/,,
Resego Technologies,https://resegotech.co.za/,,
Hawe Capital Investment Group,http://landscapital.com/,,
Barnel Design and Manufacturing,http://www.barneldesign.co.za/,,
Exodus Fire (Fire Risk Prevention Specialists),http://www.advancedfst.co.za/,,
Exodus Fire (Fire Risk Prevention Specialists),http://advancefire.co.za/,,
CPS SECURITY,http://www.c-p-s.co.za/,,
Applord,https://applord.co/,,
Viasystems-SA,https://www.viasystems-sa.co.za/,,
NexusDev Software Development,https://nexuscode.co.za/,,
B & W Instrumentation & Electrical,http://www.bwie.co.za/,,
FV of Money (Pty) Ltd,http://www.fvvcapital.co.za/,,
Webshure Digital Marketing & Website Design Agency,https://www.webshure.com/,,
Trans Fire Pty Ltd,http://www.transfire.co.za/,"cape@transfire.co.za,info.ec@transfire.co.za,info@transfire.co.za",done
MSL Security Products - Collection Point,http://www.idsprotect.co.za/,,
Nelly Technologies (Pty) Ltd,https://nellytechnologies.co.za/,,
MOTION CONTROL SYSTEMS,http://www.motioncontrolsystems.co.za/,,
Trinity IOT - Johannesburg,https://www.trinity.co.za/,,
Manfel Engineering,http://www.manfel.co.za/,,
JP DESIGN & ENGINEERING,http://www.designeng.co.za/,,
Fire Order (Pty) Ltd,https://www.fireorder.co.za/,,
Mathambo fire Pty Ltd,https://mathambofire.co.za/,,
Prosafe Protection Products Cc,http://www.prosafesecurity.com/,,
Developmento Labs (Pty) Ltd,https://developmentolabs.co.za/,,
AH Industrial Electronics,http://ahindustrialelectronics.co.za/,,
Alchemist Design Studio,http://www.alchemistdesign.co.za/,,
Vaal Triangle Fire Services (Pty) Ltd,http://www.vaaltrianglefireservices.co.za/,,
The Security Mecca Cc,http://www.secmec.co.za/,,
Binary Baker,https://www.binarybaker.co.za/,,
Ecotec Engineering (Pty) Ltd,http://ecotec.co.za/,,
Stock Electronics,https://www.stockelectronics.co.za/,,
Visiongrind Branding Solutions,https://www.visiongrind.co.za/,,
373 Alarms,https://373alarms.co.za/,,
Hybrid Technology,https://hybridtechnology.co.za/,,
Mobile Comp Tech,http://www.mobilecomptech.co.za/,,
Enserve Engineering Services (Pty) Ltd,https://enserveonline.com/,,
SIS Engineering and Design,https://siseng.co.za/,,
C4 FIRE AND SECURITY NATIONAL,https://c4fire.co.za/,,
DFW FIRE & RESCUE NPC,http://dfwfireandrescue.com/,,
Astek security & automation Paarl,http://astek.co.za/,,
DNS Africa Ltd,https://dns.business/,,
Donnees Engineering,http://www.donnees.co.za/,,
UptimeX (Pty) Ltd,https://uptimex.co.za/,,
M and M Electronics,https://www.mandmelec.co.za/,,
Chanbeta International (Pty) Ltd,http://southerncrosscapital.co.za/,,
CreateSA - Design and Printing Studio,http://createsa.co.za/,,
Worcester Brandblussers,http://www.worcesterkommunikasie.co.za/,,
Weskaap Brandblussers,http://www.bvm.gov.za/,,
Simplict,http://www.simplict.it/,,
Enso Tech,http://www.enso.co.za/,,
